{
    "difficult": 1,
    "volume": 0.6117299199104309,
    "savePoint": {
        "x": 221.64999389648438,
        "y": -129.0
    },
    "playerHealth": 100.0
}